Workbook

Sheet Raw data
A1: Replicate of Drug Treatment | B1: images_per_sponge | D1: species | E1: spicules | F1: PDMPO | G1: proportion_of_spicules_w_PDMPO
A2: DMSO1 | B2: 1 | C2: DMSO1_1 | D2: E. muelleri | E2: 21 | F2: 21 | G2: =F2/E2 -> 1
A3: DMSO1 | B3: 2 | C3: DMSO1_2 | D3: E. muelleri | E3: 16 | F3: 15 | G3: =F3/E3 -> 0.9375
A4: DMSO1 | B4: 3 | C4: DMSO1_3 | D4: E. muelleri | E4: 25 | F4: 21 | G4: =F4/E4 -> 0.84
A5: DMSO1 | B5: 4 | C5: DMSO1_4 | D5: E. muelleri | E5: 28 | F5: 26 | G5: =F5/E5 -> 0.92857143
A6: DMSO1 | B6: 5 | C6: DMSO1_5 | D6: E. muelleri | E6: 27 | F6: 27 | G6: =F6/E6 -> 1
A7: DMSO1_avg | D7: E. muelleri | E7: =AVERAGE(E2:E6) -> 23.4 | F7: =AVERAGE(F2:F6) -> 22 | G7: =AVERAGE(G2:G6) -> 0.94121429
A8: DMSO2 | B8: 1 | C8: DMSO2_1 | D8: E. muelleri | E8: 24 | F8: 22 | G8: =F8/E8 -> 0.91666667
A9: DMSO2 | B9: 2 | C9: DMSO2_2 | D9: E. muelleri | E9: 15 | F9: 15 | G9: =F9/E9 -> 1
A10: DMSO2 | B10: 3 | C10: DMSO2_3 | D10: E. muelleri | E10: 12 | F10: 6 | G10: =F10/E10 -> 0.5
A11: DMSO2 | B11: 4 | C11: DMSO2_4 | D11: E. muelleri | E11: 13 | F11: 12 | G11: =F11/E11 -> 0.92307692
A12: DMSO2 | B12: 5 | C12: DMSO2_5 | D12: E. muelleri | E12: 18 | F12: 15 | G12: =F12/E12 -> 0.83333333
A13: DMSO2_avg | D13: E. muelleri | E13: =AVERAGE(E8:E12) -> 16.4 | F13: =AVERAGE(F8:F12) -> 14 | G13: =AVERAGE(G8:G12) -> 0.83461538
A14: DMSO3 | B14: 1 | C14: DMSO3_1 | D14: E. muelleri | E14: 17 | F14: 13 | G14: =F14/E14 -> 0.76470588
A15: DMSO3 | B15: 2 | C15: DMSO3_2 | D15: E. muelleri | E15: 16 | F15: 16 | G15: =F15/E15 -> 1
A16: DMSO3 | B16: 3 | C16: DMSO3_3 | D16: E. muelleri | E16: 19 | F16: 13 | G16: =F16/E16 -> 0.68421053
A17: DMSO3 | B17: 4 | C17: DMSO3_4 | D17: E. muelleri | E17: 13 | F17: 11 | G17: =F17/E17 -> 0.84615385
A18: DMSO3 | B18: 5 | C18: DMSO3_5 | D18: E. muelleri | E18: 20 | F18: 15 | G18: =F18/E18 -> 0.75
A19: DMSO3_avg | D19: E. muelleri | E19: =AVERAGE(E14:E18) -> 17 | F19: =AVERAGE(F14:F18) -> 13.6 | G19: =AVERAGE(G14:G18) -> 0.80901405
A20: DMSO4 | B20: 1 | C20: DMSO4_1 | D20: E. muelleri | E20: 15 | F20: 14 | G20: =F20/E20 -> 0.93333333
A21: DMSO4 | B21: 2 | C21: DMSO4_2 | D21: E. muelleri | E21: 19 | F21: 18 | G21: =F21/E21 -> 0.94736842
A22: DMSO4 | B22: 3 | C22: DMSO4_3 | D22: E. muelleri | E22: 14 | F22: 14 | G22: =F22/E22 -> 1
A23: DMSO4 | B23: 4 | C23: DMSO4_4 | D23: E. muelleri | E23: 8 | F23: 7 | G23: =F23/E23 -> 0.875
A24: DMSO4 | B24: 5 | C24: DMSO4_5 | D24: E. muelleri | E24: 18 | F24: 13 | G24: =F24/E24 -> 0.72222222
A25: DMSO4_avg | D25: E. muelleri | E25: =AVERAGE(E20:E24) -> 14.8 | F25: =AVERAGE(F20:F24) -> 13.2 | G25: =AVERAGE(G20:G24) -> 0.8955848
A26: concA1 | B26: 1 | C26: concA1_1 | D26: E. muelleri | E26: 11 | F26: 1 | G26: =F26/E26 -> 0.090909091
A27: concA1 | B27: 2 | C27: concA1_2 | D27: E. muelleri | E27: 6 | F27: 1 | G27: =F27/E27 -> 0.16666667
A28: concA1 | B28: 3 | C28: concA1_3 | D28: E. muelleri | E28: 6 | F28: 0 | G28: =F28/E28 -> 0
A29: concA1 | B29: 4 | C29: concA1_4 | D29: E. muelleri | E29: 6 | F29: 1 | G29: =F29/E29 -> 0.16666667
A30: concA1 | B30: 5 | C30: concA1_5 | D30: E. muelleri | E30: 9 | F30: 0 | G30: =F30/E30 -> 0
A31: concA1_avg | D31: E. muelleri | E31: =AVERAGE(E26:E30) -> 7.6 | F31: =AVERAGE(F26:F30) -> 0.6 | G31: =AVERAGE(G26:G30) -> 0.084848485
A32: concA2 | B32: 1 | C32: concA2_1 | D32: E. muelleri | E32: 13 | F32: 0 | G32: =F32/E32 -> 0
A33: concA2 | B33: 2 | C33: concA2_2 | D33: E. muelleri | E33: 16 | F33: 0 | G33: =F33/E33 -> 0
A34: concA2 | B34: 3 | C34: concA2_3 | D34: E. muelleri | E34: 12 | F34: 1 | G34: =F34/E34 -> 0.083333333
A35: concA2 | B35: 4 | C35: concA2_4 | D35: E. muelleri | E35: 18 | F35: 1 | G35: =F35/E35 -> 0.055555556
A36: concA2 | B36: 5 | C36: concA2_5 | D36: E. muelleri | E36: 15 | F36: 0 | G36: =F36/E36 -> 0
A37: concA2_avg | D37: E. muelleri | E37: =AVERAGE(E32:E36) -> 14.8 | F37: =AVERAGE(F32:F36) -> 0.4 | G37: =AVERAGE(G32:G36) -> 0.027777778
A38: concA3 | B38: 1 | C38: concA3_1 | D38: E. muelleri | E38: 9 | F38: 3 | G38: =F38/E38 -> 0.33333333
A39: concA3 | B39: 2 | C39: concA3_2 | D39: E. muelleri | E39: 14 | F39: 2 | G39: =F39/E39 -> 0.14285714
A40: concA3 | B40: 3 | C40: concA3_3 | D40: E. muelleri | E40: 6 | F40: 1 | G40: =F40/E40 -> 0.16666667
A41: concA3 | B41: 4 | C41: concA3_4 | D41: E. muelleri | E41: 9 | F41: 1 | G41: =F41/E41 -> 0.11111111
A42: concA3 | B42: 5 | C42: concA3_5 | D42: E. muelleri | E42: 11 | F42: 3 | G42: =F42/E42 -> 0.27272727
A43: concA3_avg | D43: E. muelleri | E43: =AVERAGE(E38:E42) -> 9.8 | F43: =AVERAGE(F38:F42) -> 2 | G43: =AVERAGE(G38:G42) -> 0.20533911
A44: concA4 | B44: 1 | C44: concA4_1 | D44: E. muelleri | E44: 4 | F44: 2 | G44: =F44/E44 -> 0.5
A45: concA4 | B45: 2 | C45: concA4_2 | D45: E. muelleri | E45: 12 | F45: 1 | G45: =F45/E45 -> 0.083333333
A46: concA4 | B46: 3 | C46: concA4_3 | D46: E. muelleri | E46: 11 | F46: 0 | G46: =F46/E46 -> 0
A47: concA4 | B47: 4 | C47: concA4_4 | D47: E. muelleri | E47: 11 | F47: 0 | G47: =F47/E47 -> 0
A48: concA4 | B48: 5 | C48: concA4_5 | D48: E. muelleri | E48: 10 | F48: 3 | G48: =F48/E48 -> 0.3
A49: concA4_avg | D49: E. muelleri | E49: =AVERAGE(E44:E48) -> 9.6 | F49: =AVERAGE(F44:F48) -> 1.2 | G49: =AVERAGE(G44:G48) -> 0.17666667
A50: DMSO1 | B50: 1 | C50: DMSO1_1 | D50: S. lacustris | E50: 10 | F50: 10 | G50: =F50/E50 -> 1
A51: DMSO1 | B51: 2 | C51: DMSO1_2 | D51: S. lacustris | E51: 9 | F51: 7 | G51: =F51/E51 -> 0.77777778
A52: DMSO1 | B52: 3 | C52: DMSO1_3 | D52: S. lacustris | E52: 15 | F52: 10 | G52: =F52/E52 -> 0.66666667
A53: DMSO1 | B53: 4 | C53: DMSO1_4 | D53: S. lacustris | E53: 17 | F53: 8 | G53: =F53/E53 -> 0.47058824
A54: DMSO1 | B54: 5 | C54: DMSO1_5 | D54: S. lacustris | E54: 13 | F54: 10 | G54: =F54/E54 -> 0.76923077
A55: DMSO1_avg | D55: S. lacustris | E55: =AVERAGE(E50:E54) -> 12.8 | F55: =AVERAGE(F50:F54) -> 9 | G55: =AVERAGE(G50:G54) -> 0.73685269
A56: DMSO2 | B56: 1 | C56: DMSO2_1 | D56: S. lacustris | E56: 20 | F56: 15 | G56: =F56/E56 -> 0.75
A57: DMSO2 | B57: 2 | C57: DMSO2_2 | D57: S. lacustris | E57: 19 | F57: 16 | G57: =F57/E57 -> 0.84210526
A58: DMSO2 | B58: 3 | C58: DMSO2_3 | D58: S. lacustris | E58: 19 | F58: 16 | G58: =F58/E58 -> 0.84210526
A59: DMSO2 | B59: 4 | C59: DMSO2_4 | D59: S. lacustris | E59: 15 | F59: 13 | G59: =F59/E59 -> 0.86666667
A60: DMSO2 | B60: 5 | C60: DMSO2_5 | D60: S. lacustris | E60: 5 | F60: 3 | G60: =F60/E60 -> 0.6
A61: DMSO2_avg | D61: S. lacustris | E61: =AVERAGE(E56:E60) -> 15.6 | F61: =AVERAGE(F56:F60) -> 12.6 | G61: =AVERAGE(G56:G60) -> 0.78017544
A62: DMSO3 | B62: 1 | C62: DMSO3_1 | D62: S. lacustris | E62: 13 | F62: 12 | G62: =F62/E62 -> 0.92307692
A63: DMSO3 | B63: 2 | C63: DMSO3_2 | D63: S. lacustris | E63: 12 | F63: 12 | G63: =F63/E63 -> 1
A64: DMSO3 | B64: 3 | C64: DMSO3_3 | D64: S. lacustris | E64: 17 | F64: 15 | G64: =F64/E64 -> 0.88235294
A65: DMSO3 | B65: 4 | C65: DMSO3_4 | D65: S. lacustris | E65: 8 | F65: 6 | G65: =F65/E65 -> 0.75
A66: DMSO3 | B66: 5 | C66: DMSO3_5 | D66: S. lacustris | E66: 13 | F66: 13 | G66: =F66/E66 -> 1
A67: DMSO3_avg | D67: S. lacustris | E67: =AVERAGE(E62:E66) -> 12.6 | F67: =AVERAGE(F62:F66) -> 11.6 | G67: =AVERAGE(G62:G66) -> 0.91108597
A68: concA1 | B68: 1 | C68: concA1_1 | D68: S. lacustris | E68: 5 | F68: 0 | G68: =F68/E68 -> 0
A69: concA1 | B69: 2 | C69: concA1_2 | D69: S. lacustris | E69: 8 | F69: 0 | G69: =F69/E69 -> 0
A70: concA1 | B70: 3 | C70: concA1_3 | D70: S. lacustris | E70: 5 | F70: 0 | G70: =F70/E70 -> 0
A71: concA1 | B71: 4 | C71: concA1_4 | D71: S. lacustris | E71: 3 | F71: 0 | G71: =F71/E71 -> 0
A72: concA1 | B72: 5 | C72: concA1_5 | D72: S. lacustris | E72: 4 | F72: 0 | G72: =F72/E72 -> 0
A73: concA1 | B73: 6 | C73: concA1_6 | D73: S. lacustris | E73: 4 | F73: 1 | G73: =F73/E73 -> 0.25
A74: concA1_avg | D74: S. lacustris | E74: =AVERAGE(E68:E73) -> 4.8333333 | F74: =AVERAGE(F68:F73) -> 0.16666667 | G74: =AVERAGE(G68:G73) -> 0.041666667
A75: concA2 | B75: 1 | C75: concA2_1 | D75: S. lacustris | E75: 1 | F75: 0 | G75: =F75/E75 -> 0
A76: concA2 | B76: 2 | C76: concA2_2 | D76: S. lacustris | E76: 4 | F76: 0 | G76: =F76/E76 -> 0
A77: concA2 | B77: 3 | C77: concA2_3 | D77: S. lacustris | E77: 1 | F77: 0 | G77: =F77/E77 -> 0
A78: concA2 | B78: 4 | C78: concA2_4 | D78: S. lacustris | E78: 6 | F78: 0 | G78: =F78/E78 -> 0
A79: concA2 | B79: 5 | C79: concA2_5 | D79: S. lacustris | E79: 2 | F79: 0 | G79: =F79/E79 -> 0
A80: concA2_avg | D80: S. lacustris | E80: =AVERAGE(E75:E79) -> 2.8 | F80: =AVERAGE(F75:F79) -> 0 | G80: =AVERAGE(G75:G79) -> 0
A81: concA3 | B81: 1 | C81: concA3_1 | D81: S. lacustris | E81: 1 | F81: 0 | G81: =F81/E81 -> 0
A82: concA3 | B82: 2 | C82: concA3_2 | D82: S. lacustris | E82: 1 | F82: 0 | G82: =F82/E82 -> 0
A83: concA3 | B83: 3 | C83: concA3_3 | D83: S. lacustris | E83: 2 | F83: 0 | G83: =F83/E83 -> 0
A84: concA3 | B84: 4 | C84: concA3_4 | D84: S. lacustris | E84: 2 | F84: 0 | G84: =F84/E84 -> 0
A85: concA3 | B85: 5 | C85: concA3_5 | D85: S. lacustris | E85: 2 | F85: 0 | G85: =F85/E85 -> 0
A86: concA3_avg | D86: S. lacustris | E86: =AVERAGE(E81:E85) -> 1.6 | F86: =AVERAGE(F81:F85) -> 0 | G86: =AVERAGE(G81:G85) -> 0

Sheet Summary
A1: Species | B1: Treatment | C1: Average spicules | D1: SE average spicules | E1: Average proportion of spicules w PDMPO | F1: SE average proportion of spicules w PDMPO | G1: Percentage diff in no. of spicules between DMSO and concA | H1: SE no. of spicules between DMSO and concA | I1: Percentage diff in proportion of spicules w PDMPO between DMSO and concA | J1: SE proportion of spicules w PDMPO between DMSO and concA
A2: E. muelleri | B2: DMSO | C2: =AVERAGE('Raw data'!E7,'Raw data'!E13,'Raw data'!E19,'Raw data'!E25) -> 17.9 | D2: =STDEV('Raw data'!E7,'Raw data'!E13,'Raw data'!E19,'Raw data'!E25)/(SQRT(COUNT('Raw data'!E7,'Raw data'!E13,'Raw data'!E19,'Raw data'!E25))) -> 1.8912077 | E2: =AVERAGE('Raw data'!G7,'Raw data'!G13,'Raw data'!G19,'Raw data'!G25) -> 0.87010713 | F2: =STDEV('Raw data'!G7,'Raw data'!G13,'Raw data'!G19,'Raw data'!G25)/(SQRT(COUNT('Raw data'!G7,'Raw data'!G13,'Raw data'!G19,'Raw data'!G25))) -> 0.029857114
A3: E. muelleri | B3: concA | C3: =AVERAGE('Raw data'!E31,'Raw data'!E37,'Raw data'!E43,'Raw data'!E49) -> 10.45 | D3: =STDEV('Raw data'!E31,'Raw data'!E37,'Raw data'!E43,'Raw data'!E49)/(SQRT(COUNT('Raw data'!E31,'Raw data'!E37,'Raw data'!E43,'Raw data'!E49))) -> 1.5326991 | E3: =AVERAGE('Raw data'!G31,'Raw data'!G37,'Raw data'!G43,'Raw data'!G49) -> 0.12365801 | F3: =STDEV('Raw data'!G31,'Raw data'!G37,'Raw data'!G43,'Raw data'!G49)/(SQRT(COUNT('Raw data'!G31,'Raw data'!G37,'Raw data'!G43,'Raw data'!G49))) -> 0.041009061 | G3: =(C2-C3)/C2*100 -> 41.620112 | H3: =SQRT((D3/C2)^2+((C3*D2)/(C2^2))^2)*100 -> 10.55285 | I3: =(E2-E3)/E2*100 -> 85.788186 | J3: =SQRT((F3/E2)^2+((E3*F2)/(E2^2))^2)*100 -> 4.7382674
A4: S. lacustris | B4: DMSO | C4: =AVERAGE('Raw data'!E55,'Raw data'!E61,'Raw data'!E67) -> 13.666667 | D4: =STDEV('Raw data'!E55,'Raw data'!E61,'Raw data'!E67)/(SQRT(COUNT('Raw data'!E55,'Raw data'!E61,'Raw data'!E67))) -> 0.96838927 | E4: =AVERAGE('Raw data'!G55,'Raw data'!G61,'Raw data'!G67) -> 0.80937137 | F4: =STDEV('Raw data'!G55,'Raw data'!G61,'Raw data'!G67)/(SQRT(COUNT('Raw data'!G55,'Raw data'!G61,'Raw data'!G67))) -> 0.052372419
A5: S. lacustris | B5: concA | C5: =AVERAGE('Raw data'!E74,'Raw data'!E80,'Raw data'!E86) -> 3.0777778 | D5: =STDEV('Raw data'!E74,'Raw data'!E80,'Raw data'!E86)/(SQRT(COUNT('Raw data'!E74,'Raw data'!E80,'Raw data'!E86))) -> 0.9436598 | E5: =AVERAGE('Raw data'!G74,'Raw data'!G80,'Raw data'!G86) -> 0.013888889 | F5: =STDEV('Raw data'!G74,'Raw data'!G80,'Raw data'!G86)/(SQRT(COUNT('Raw data'!G74,'Raw data'!G80,'Raw data'!G86))) -> 0.013888889 | G5: =(C4-C5)/C4*100 -> 77.479675 | H5: =SQRT((D5/C4)^2+((C5*D4)/(C4^2))^2)*100 -> 7.086821 | I5: =(E4-E5)/E4*100 -> 98.283991 | J5: =SQRT((F5/E4)^2+((E5*F4)/(E4^2))^2)*100 -> 1.7195982
